{
    "loss": 13.946651458740234,
    "accuracy": 0.19894598424434662
}